name,url,thumbnail,rating,total_ratings,price,currency,currency_symbol,is_sponsored,past_month_bought
"iRobot Roomba i3+ EVO (3554) Robot Vacuum - Self-Empty for Up to 60 Days, Clean by Room with Smart Mapping, Compatible with Alexa, Personalized Cleaning ",https://www.amazon.com/iRobot-Roomba-EVO-Robot-Vacuum/dp/B0CNL2KCVR,https://m.media-amazon.com/images/I/71tScKweUsL._AC_UY218_.jpg,4.2,13631,392.95,USD,$,False,2K+
"Robot Vacuum Cleaner with 3000Pa Cyclone Suction, APP/Voice/Remote Control, Automatic Self-Charging Robotic Vacuum, Scheduled Cleaning, Ideal for Pet Hair, Hard Floor, Low Carpet ",https://www.amazon.com/ROPVACNIC-Automatic-Self-Charging-Scheduled-Cleaning/dp/B0DFGWWYJF,https://m.media-amazon.com/images/I/61s8xfbyjAL._AC_UY218_.jpg,4.9,66,127.99,USD,$,False,1K+
"Shark AV753 ION Robot Vacuum, Tri-Brush System, Wifi Connected, 120 Min Runtime, Works with Alexa, Multi Surface Cleaning, Grey ",https://www.amazon.com/Shark-AV753-Connected-Runtime-Cleaning/dp/B08C6XGP4F,https://m.media-amazon.com/images/I/91G7PQlWf-L._AC_UY218_.jpg,4.1,17924,149.99,USD,$,False,300+
"iRobot Roomba Vac Robot Vacuum (Q011) - Power-Lifting Suction, Alexa, Quieter Cleaning Mode, Multi-Surface Cleaning, Cleans in Neat Rows, Easy to use, Self-Charging ",https://www.amazon.com/iRobot-Roomba-Essential-Robot-Vacuum/dp/B0CNKX4429,https://m.media-amazon.com/images/I/711eJ-EK7lL._AC_UY218_.jpg,4.2,24905,139.99,USD,$,False,1K+
"eufy Robot Vacuum 11S MAX, Super Thin, Powerful Suction, Quiet, Self-Charging Robotic Vacuum Cleaner, Cleans Hard Floors to Medium-Pile Carpets, Black ",https://www.amazon.com/eufy-Super-Thin-Super-Strong-Self-Charging-Medium-Pile/dp/B07R295MLS,https://m.media-amazon.com/images/I/7162dbcZW3L._AC_UY218_.jpg,4.3,66055,249.99,USD,$,False,6K+
"Shark AI Ultra Voice Control Robot Vacuum with Matrix Clean Navigation, Home Mapping, 60-Day Capacity, Self-Empty Base for Homes with Pets, Carpet & Hard Floors (Silver/Black) ",https://www.amazon.com/Shark-AV2511AE-Self-Empty-Capacity-Navigation/dp/B09T4YZGQR,https://m.media-amazon.com/images/I/61yQ2hur-PL._AC_UY218_.jpg,4.2,32256,405.66,USD,$,False,4K+
"Lefant Robot Vacuum M210 Pro, 2200Pa Suction,120 Mins Runtime, Self-Charging Slim Robotic Vacuum Cleaner, APP/Voice/WiFi/Alexa Control, Ideal for Pet Hair,Low-Pile Carpet, Hard Floor ",https://www.amazon.com/Lefant-Cleaner-Suction-Self-Charging-Low-Pile/dp/B0CYPVS3FF,https://m.media-amazon.com/images/I/613Id2iOHeL._AC_UY218_.jpg,4.3,2287,209.99,USD,$,False,2K+
"Lefant Robot Vacuum Cleaner, Strong Suction, 120 Mins Runtime, Slim, Low Noise, Automatic Self-Charging, Wi-Fi/App/Alexa Control, Ideal for Pet Hair Hard Floor and Daily Cleaning, M210 ",https://www.amazon.com/Lefant-M210-Cleaner-Automatic-Self-Charging/dp/B08R9LK9K3,https://m.media-amazon.com/images/I/61SeSmghSVL._AC_UY218_.jpg,4.1,13711,88.88,USD,$,False,2K+
"iRobot Roomba Vac Robot Vacuum (Q0120) - Easy to use, Power-Lifting Suction, Multi-Surface Cleaning, Smart Navigation Cleans in Neat Rows, Self-Charging, Alexa ",https://www.amazon.com/iRobot-Roomba-Robot-Vacuum-Q0120/dp/B0CVM8TXHP,https://m.media-amazon.com/images/I/51tQju6I1sL._AC_UY218_.jpg,4.4,49210,224.99,USD,$,False,6K+
"Robot Vacuum Cleaner with 3000Pa Suction,Personalized Cleaning Settings,Auto Self-Charging Robotic Vacuum,Carpet Booster,App/Alexa/Remote Control, Ideal for Pet Hair/Hard Floor/Carpet,R7 ",https://www.amazon.com/Airzeen-Personalized-Cleaning-Self-Charging-R7/dp/B0D6V97Z6H,https://m.media-amazon.com/images/I/817GMeCEkYL._AC_UY218_.jpg,4.9,103,149.99,USD,$,False,900+
"iRobot Roomba j7+ (7550) Self-Emptying Robot Vacuum – Uses PrecisionVision Navigation to Identify & Avoid Objects Like Socks, Shoes, & Pet Waste, Smart Mapping, Self-Empty for Up to 60 Days ",https://www.amazon.com/iRobot-Roomba-Self-Emptying-Robot-Vacuum/dp/B094NYHTMF,https://m.media-amazon.com/images/I/71NwZ7H+zEL._AC_UY218_.jpg,4.0,7536,499.0,USD,$,False,1K+
"Shark AV2501S AI Ultra Robot Vacuum, with Matrix Clean, Home Mapping, 30-Day Capacity HEPA Bagless Self Empty Base, Perfect for Pet Hair, Wifi, Dark Grey ",https://www.amazon.com/Shark-AV2501S-Self-Empty-Navigation-UltraClean/dp/B09H8CWFNK,https://m.media-amazon.com/images/I/71xa7jk7SJL._AC_UY218_.jpg,4.3,9683,382.0,USD,$,False,300+
"Shark Matrix Plus 2in1 Robot Vacuum & Mop with Sonic Mopping, Matrix Clean, Home Mapping, HEPA Bagless Self Empty Base, CleanEdge, for Pet Hair, Wifi, Black/Gold (AV2610WA) ",https://www.amazon.com/Shark-Mopping-CleanEdge-Technology-AV2610WA/dp/B0B89C8H4Q,https://m.media-amazon.com/images/I/81Fq-hM1ZAL._AC_UY218_.jpg,4.1,1697,349.99,USD,$,False,1K+
"Robot Vacuum and Mop,LiDAR Navigation Smart Mapping Robotic Vacuum Cleaner with 9000Pa Max Suction，200 Min Runtime，Auto Recharge，Customized Cleaning，Perfect for Pet Hair, Carpet, Hard Floor ",https://www.amazon.com/Enboya-DL30-Pro-11000PA-Vacuum/dp/B0CW9KH68N,https://m.media-amazon.com/images/I/71qfPF-iOzL._AC_UY218_.jpg,5.0,28,219.99,USD,$,False,50+
"iRobot Roomba 692 Robot Vacuum - Wi-Fi Connectivity, Personalized Cleaning Recommendations, Works with Alexa, Good for Pet Hair, Carpets, Hard Floors, Self-Charging ",https://www.amazon.com/iRobot-Vacuum-Wi-Fi-Connectivity-Self-Charging-Charcoal/dp/B085D4MFS8,https://m.media-amazon.com/images/I/61RNw+-A3ZL._AC_UY218_.jpg,4.2,30049,245.0,USD,$,False,600+
"Robot Vacuum and Mop Combo: 2-in-1 Robot Vacuum Cleaner 2500Pa Strong Suction & Tangle-Free & APP/Alexa Control & Schedule Cleaning, Self-Charging Robotic Vacuum for Pet Hair, Hard Floor, Carpet ",https://www.amazon.com/AZQQ-Robot-Vacuum-Combo-Self-Charging/dp/B0D9G7RT9N,https://m.media-amazon.com/images/I/71AzeRoDXBL._AC_UY218_.jpg,4.8,41,125.99,USD,$,False,400+
"Robot Vacuum and Mop Combo - WiFi/Alexa/App Scheduling, Smart Robotic Vacuum Cleaner, Ultra-Slim & Quiet, Tangle-Free, Auto Recharge, Ideal for Pet-Friendly Homes ",https://www.amazon.com/Kilgone-Robot-Vacuum-Mop-Combo/dp/B0DB5P8RLS,https://m.media-amazon.com/images/I/71Fd1ONabkL._AC_UY218_.jpg,4.3,405,139.99,USD,$,False,1K+
"Upgraded Version Robot Vacuum Cleaner, 3500Pa Super Thin Robotic Vacuum, 120Mins Max, Tangle Free, Automatic,Pet Hair Robot Vacuum for Floor, Low Carpet,Black ",https://www.amazon.com/HiKiNS-Upgraded-Version-Cleaner-Automatic/dp/B0D5CTW216,https://m.media-amazon.com/images/I/812AZjG2pYL._AC_UY218_.jpg,5.0,5,89.99,USD,$,False,200+
"iRobot Roomba 692 Robot Vacuum - Wi-Fi Connectivity, Personalized Cleaning Recommendations, Works with Alexa, Good for Pet Hair, Carpets, Hard Floors, Self-Charging ",https://www.amazon.com/iRobot-Vacuum-Wi-Fi-Connectivity-Self-Charging-Charcoal/dp/B085D4MFS8,https://m.media-amazon.com/images/I/61RNw+-A3ZL._AC_UY218_.jpg,4.2,30049,245.0,USD,$,False,600+
"roborock Q5 Max+ Robot Vacuum with Self-Empty Dock, Upgraded from Q5+, 5500 Pa Suction, DuoRoller Brush, Hands-Free Cleaning for up to 7 Weeks, PreciSense LiDAR Navigation, App & Voice Control ",https://www.amazon.com/roborock-Q5-Max-Self-Empty-Hands-Free/dp/B0CWQP4Y4R,https://m.media-amazon.com/images/I/61yYis0jtgL._AC_UY218_.jpg,4.2,2276,449.99,USD,$,False,2K+
"Robot Vacuum and Mop Cleaner with 4500Pa Suction, Advanced 3D Obstacle Avoidance, Next-Generation Smart APP & Voice Control Robotic Vacuum, Automatic Aspirdora for Home Hard Floor, Pet Hair ",https://www.amazon.com/VIPSUN-Avoidance-Next-Generation-Automatic-Aspirdora/dp/B0D3HPDH7G,https://m.media-amazon.com/images/I/61itsOLfU0L._AC_UY218_.jpg,4.5,201,129.99,USD,$,False,1K+
"Shark Matrix Plus 2in1 Robot Vacuum & Mop with Sonic Mopping, Matrix Clean, Home Mapping, HEPA Bagless Self Empty Base, CleanEdge, for Pet Hair, Wifi, Black/Gold (AV2610WA) ",https://www.amazon.com/Shark-Mopping-CleanEdge-Technology-AV2610WA/dp/B0B89C8H4Q,https://m.media-amazon.com/images/I/81Fq-hM1ZAL._AC_UY218_.jpg,4.1,1697,349.99,USD,$,False,1K+
"Robot Vacuum, 2 in 1 Robot Vacuum and Mop Combo with APP, Voice and Remote Control, Robot Vacuum Cleaner Perfect for Pet Hair, Hard-Floor and Carpet ",https://www.amazon.com/ZC-WAS-Control-Cleaner-Hard-Floor/dp/B0CQLN9XHQ,https://m.media-amazon.com/images/I/717HyYprpRL._AC_UY218_.jpg,4.7,246,125.99,USD,$,False,700+
"Robot Vacuum and Mop,LiDAR Navigation Smart Mapping Robotic Vacuum Cleaner with 9000Pa Max Suction，200 Min Runtime，Auto Recharge，Customized Cleaning，Perfect for Pet Hair, Carpet, Hard Floor ",https://www.amazon.com/Enboya-DL30-Pro-11000PA-Vacuum/dp/B0CW9KH68N,https://m.media-amazon.com/images/I/71qfPF-iOzL._AC_UY218_.jpg,5.0,28,219.99,USD,$,False,50+
"Shark RV2310 Matrix Robot Vacuum with Self-Cleaning Brushroll for Pet Hair, No Spots Missed on Carpets and Hard Floors, Precision Home Mapping, Wi-Fi Black/Silver, 0.5 Quarts ",https://www.amazon.com/Shark-RV2310-Self-Cleaning-Brushroll-Precision/dp/B0BX1LJ7SK,https://m.media-amazon.com/images/I/719wVbhmWmL._AC_UY218_.jpg,4.2,6654,288.97,USD,$,False,100+
"Robot Vacuum and Mop Combo, WiFi/App/Voice, Robotic Vacuum Cleaner with Schedule, 2 in 1 Mopping Robot Vacuum with Water Tank and Dustbin, Self-Charging, Slim, Ideal for Hard Floor, Pet Hair, Carpet ",https://www.amazon.com/Robotic-Cleaner-Schedule-Mopping-Self-Charging/dp/B0CRYWLZ56,https://m.media-amazon.com/images/I/71egH0LE7dL._AC_UY218_.jpg,4.7,268,129.99,USD,$,False,200+
"Robot Vacuum and Mop Combo, 5000Pa Robot Vacuum Cleaner with LIDAR Navigation, 3 in 1 Robot Vacuum Mop with Auto Carpet Boost, Self Charging, App/Voice Control, Ideal for Pet Hair,5 Maps ",https://www.amazon.com/Laresar-Clean-Cleaner-Navigation-Charging/dp/B0D6V8W64C,https://m.media-amazon.com/images/I/81j1LgWJhgL._AC_UY218_.jpg,5.0,67,199.99,USD,$,False,100+
"Robot Vacuum and Mop,Self-Emptying Robot Vacuum Cleaner,3500Pa Suction,Laser Navigator with Smart Mapping Robotic Vacuums,180Mins Runtime,Schedule,App Control,Ideal for Carpet/Pet Hair ",https://www.amazon.com/Airzeen-Self-Emptying-Cleaner-Navigator-Schedule/dp/B0D6V5J98T,https://m.media-amazon.com/images/I/81GvQQ47HCL._AC_UY218_.jpg,5.0,21,389.99,USD,$,False,100+
"Robot Vacuum and Mop Combo, Robot Vacuum with Wi-Fi/APP, Self-Charging Robot Vacuum and Mop Ultra Slim Quiet, Ideal for Hard Floor, Pet Hair and Daily Cleaning ",https://www.amazon.com/MANVN-Robot-Vacuum-Self-Charging-Cleaning/dp/B0CT5FSTS2,https://m.media-amazon.com/images/I/71lGNwAIl4L._AC_UY218_.jpg,4.8,236,137.99,USD,$,False,1K+
"OKP Life K2 Robot Vacuum Cleaner 1800 mAh, Blue ",https://www.amazon.com/OKP-K2-Robot-Vacuum-Cleaner/dp/B08P2T2NXH,https://m.media-amazon.com/images/I/61dAEVab8vL._AC_UY218_.jpg,4.0,14803,89.98,USD,$,False,700+
"ILIFE V3s Pro Robot Vacuum Cleaner, Tangle-free Suction , Slim, Automatic Self-Charging Robotic Vacuum Cleaner, Daily Schedule Cleaning, Ideal For Pet Hair，Hard Floor and Low Pile Carpet,Pearl White ",https://www.amazon.com/ILIFE-Robotic-Powerful-Tangle-free-Planning/dp/B06Y56NDF4,https://m.media-amazon.com/images/I/51ohDLYtzDL._AC_UY218_.jpg,4.2,23258,99.99,USD,$,False,700+
"HONITURE Robot Vacuum and Mop Combo, 4000pa Strong Suction, G20 Robot Vacuum Cleaner with Self-Charging, 150Mins Max, App&Remote&Voice Control, Super-Slim, Ideal for Pet Hair ",https://www.amazon.com/HONITURE-Suction-G20-Self-Charging-Super-Slim/dp/B0CQ4PLMJP,https://m.media-amazon.com/images/I/71YUtjPY-iL._AC_UY218_.jpg,4.5,1088,189.99,USD,$,False,500+
"Robot Vacuum and Mop Cleaner with 4500Pa Suction, Advanced 3D Obstacle Avoidance, Next-Generation Smart APP & Voice Control Robotic Vacuum, Automatic Aspirdora for Home Hard Floor, Pet Hair ",https://www.amazon.com/VIPSUN-Avoidance-Next-Generation-Automatic-Aspirdora/dp/B0D3HPDH7G,https://m.media-amazon.com/images/I/61itsOLfU0L._AC_UY218_.jpg,4.5,201,129.99,USD,$,False,1K+
"Robot Vacuum, 2 in 1 Robot Vacuum and Mop Combo with APP, Voice and Remote Control, Robot Vacuum Cleaner Perfect for Pet Hair, Hard-Floor and Carpet ",https://www.amazon.com/ZC-WAS-Control-Cleaner-Hard-Floor/dp/B0CQLN9XHQ,https://m.media-amazon.com/images/I/717HyYprpRL._AC_UY218_.jpg,4.7,246,125.99,USD,$,False,700+
"HONITURE Robot Vacuum and Mop Combo, 4000pa Strong Suction, G20 Robot Vacuum Cleaner with Self-Charging, 150Mins Max, App&Remote&Voice Control, Super-Slim, Ideal for Pet Hair ",https://www.amazon.com/HONITURE-Suction-G20-Self-Charging-Super-Slim/dp/B0CQ4PLMJP,https://m.media-amazon.com/images/I/71YUtjPY-iL._AC_UY218_.jpg,4.5,1088,189.99,USD,$,False,500+
"eufy X8 Hybrid, Robot Vacuum and Mop Cleaner with iPath Laser Navigation, Twin-Turbine Technology generates 2000Pa x2 Suction, AI. Map 2.0 Technology, Wi-Fi, Perfect for Pet Owner ",https://www.amazon.com/eufy-Navigation-Twin-Turbine-Technology-generates/dp/B08XJRXJPV,https://m.media-amazon.com/images/I/71E3P7GJ1HL._AC_UY218_.jpg,4.0,653,359.98,USD,$,False,50+
"Lefant Robot Vacuum Cleaner, 6 Cleaning Modes, Schedule Time, WiFi/APP/Alexa, 2200Pa Suction, 120 Min Runtime, Self-Charging Robotic Vacuum, Slim, Quiet, Ideal for Pet Hair, Hard Floors(M210 Pro) ",https://www.amazon.com/Lefant-Cleaner-Cleaning-Schedule-Self-Charging/dp/B0CYLVMLHP,https://m.media-amazon.com/images/I/61jd1ljWu3L._AC_UY218_.jpg,4.3,7573,209.99,USD,$,False,1K+
"eufy BoostIQ RoboVac 15C MAX, Wi-Fi Connected Robot Vacuum Cleaner, Super Thin, Powerful Suction, Quiet, Self-Charging Robotic Vacuum Cleaner, Cleans Hard Floors to Medium-Pile Carpets ",https://www.amazon.com/eufy-Connected-Super-Thin-Self-Charging-Medium-Pile/dp/B07RGDFZ5Q,https://m.media-amazon.com/images/I/71vjkeg7KFL._AC_UY218_.jpg,4.3,12616,239.99,USD,$,False,300+
"iRobot Roomba i3+ EVO (3550) Self-Emptying Robot Vacuum – Now Clean by Room with Smart Mapping, Empties Itself for Up to 60 Days, Works with Alexa, Ideal for Pet Hair, Carpets​, Roomba i3+ ",https://www.amazon.com/iRobot-Roomba-Vacuum-Automatic-Disposal/dp/B08C4LC7TG,https://m.media-amazon.com/images/I/51c6piKhqCL._AC_UY218_.jpg,4.0,19190,357.0,USD,$,False,600+
"iRobot Roomba Combo i5 Robot Vacuum & Mop - Clean by Room with Smart Mapping, Works with Alexa, Personalized Cleaning Powered OS, Ideal for Pet Hair, Carpet and Hard Floors ",https://www.amazon.com/iRobot-Roomba-Combo-Robot-Vacuum/dp/B0C415KNH8,https://m.media-amazon.com/images/I/91xkhfcNNvL._AC_UY218_.jpg,4.1,13175,299.0,USD,$,False,1K+
"iRobot Roomba Robot Vacuum and Mop Combo (Y0140) - Vacuums and mops, Easy to use, Power-Lifting Suction, Multi-Surface Cleaning, Smart Navigation Cleans in Neat Rows, Self-Charging, Alexa ",https://www.amazon.com/iRobot-Roomba-Robot-Vacuum-Combo/dp/B0CVJ3K8FF,https://m.media-amazon.com/images/I/71S49SPqD+L._AC_UY218_.jpg,4.0,561,249.0,USD,$,False,700+
"Shark IQ App-Controlled Self-Emptying Robot Vacuum, RV100AE/UR1000SR - Black (Renewed) ",https://www.amazon.com/App-Controlled-Self-Charging-Vacuum-RV100AE-UR1000SR/dp/B07YBK6JY3,https://m.media-amazon.com/images/I/515NCPTCdFL._AC_UY218_.jpg,4.0,5382,,,,False,50+
"Lefant Robot Vacuums, 2200Pa Suction, 120 Min Runtime, WiFi/App/Alexa Control, Anti-Collision/Drop Sensor, Self-Charging Robotic Vacuum Cleaner, Slim, Quiet, Ideal for Pet Hair, Hard Floor (M210 Pro) ",https://www.amazon.com/Lefant-Tangle-Free-Suction-Self-Charging-Cleaning/dp/B0CKT5BN9B,https://m.media-amazon.com/images/I/61Od1ElAbkL._AC_UY218_.jpg,4.1,3167,111.2,USD,$,False,200+
"OKP K3 Robot Vacuum Cleaner Self-Charging Robotic Vacuum Cleaner with 2000Pa Strong Suction Voice Control for Hardfloor and Carpet,Blue ",https://www.amazon.com/OKP-Cleaner-WiFi-Connected-Self-Charging-Hardfloor/dp/B0915YCWD3,https://m.media-amazon.com/images/I/81L27fi5fYL._AC_UY218_.jpg,3.9,3238,89.98,USD,$,False,300+
"Shark AV2001 AI Robot Vacuum with Self-Cleaning Brushroll, Object Detection, Advanced Navigation, Home Mapping, Perfect for Pet Hair, Compatible with Alexa, Gray ",https://www.amazon.com/Shark-AV2001-Self-Cleaning-Brushroll-Navigation/dp/B08SY7TLT9,https://m.media-amazon.com/images/I/71DpVwe58EL._AC_UY218_.jpg,4.1,441,,,,False,100+
"MAMNV Robot Vacuum and Mop Combo, WiFi/App, Robotic Vacuum Cleaner with Schedule, 2 in 1 Mopping Robot Vacuum with Watertank and Dustbin, Self-Charging, Slim, Ideal for Hard Floor, Pet Hair, Carpet ",https://www.amazon.com/MAMNV-Robot-Vacuum-Mop-Combo/dp/B0CFDWTFBR,https://m.media-amazon.com/images/I/71c6JxDbjOL._AC_UY218_.jpg,4.3,2142,139.99,USD,$,False,1K+
"Robot Vacuum and Mop Combo, Tangle-Free Powerful Suction, Robotic Vacuum Cleaner - Alexa & App Scheduling, Long Runtime, Automatic Robot Vacuum Cleaners for Home ",https://www.amazon.com/MANVINS-Robot-Vacuum-Tangle-Free-Powerful/dp/B0DB5SF3V7,https://m.media-amazon.com/images/I/716bWsVPH1L._AC_UY218_.jpg,4.4,117,139.99,USD,$,False,500+
"eufy L50 Robot Vacuum with 4,000 Pa Powerful Suction, Precise iPath Laser Navigation, Customizable Al Mapping, Climb Up to 20 mm, Ideal for Hard Floor, Tile, and Carpet ",https://www.amazon.com/eufy-Powerful-Suction-Navigation-Customizable/dp/B0CXDD7FFK,https://m.media-amazon.com/images/I/61FWP+Cz5fL._AC_UY218_.jpg,4.3,124,159.97,USD,$,False,600+
"Robot Vacuum Cleaner with 3000Pa Cyclone Suction, APP/Voice/Remote Control, Automatic Self-Charging Robotic Vacuum, Scheduled Cleaning, Ideal for Pet Hair, Hard Floor, Low Carpet ",https://www.amazon.com/ROPVACNIC-Automatic-Self-Charging-Scheduled-Cleaning/dp/B0D9N9BZPH,https://m.media-amazon.com/images/I/61s8xfbyjAL._AC_UY218_.jpg,4.3,169,149.99,USD,$,False,100+
"D60+ Robot Vacuum Cleaner with Self-Empty Base, Stores up to 85 Days of Dust, Powerful 9000Pa Suction, Wi-Fi/App/Alexa Control, Robotic Vacuum Ideal for Hard Floors,Pet Hair and Low Carpets ",https://www.amazon.com/Enboya-D60-Cleaner-Self-Empty-Powerful/dp/B0CPXXTWDB,https://m.media-amazon.com/images/I/71BI+ZPEoPL._AC_UY218_.jpg,3.2,61,430.99,USD,$,False,Sold
"SereneLife Robot Automatic Vacuum Cleaner - Upgraded Lithium Battery 90 Min Run Time - Bot Self Detects Stairs Pet Hair Allergies Friendly Home Cleaning for Carpet Hardwood Floor - PUCRC26B, Black ",https://www.amazon.com/PureClean-Automatic-Robot-Vacuum-Cleaner/dp/B076X9SH6D,https://m.media-amazon.com/images/I/51UO1hS8KWL._AC_UY218_.jpg,3.1,1681,119.99,USD,$,False,Sold
"RS1 Robot Vacuum, Brushless Tangle-free,140min Runtime, Automatic Recharge, 4 Cleaning Mode & Schedule Clean Robotic Vacuum Cleaner, Remote/APP/Alexa/Google Control, Idea for Pet Hair,Carpet,Hardfloor ",https://www.amazon.com/RS1-Robot-Vacuum-Brushless-Tangle-free/dp/B0D6YPXFGX,https://m.media-amazon.com/images/I/71wQKyGRFiL._AC_UY218_.jpg,4.1,106,109.99,USD,$,False,600+
"Lefant M210 Pro Robot Vacuum, 2200Pa Strong Suction, WiFi/APP/Alexa, 120 Min Runtime, Self-Charging Robotic Vacuum Cleaner, Slim, Quiet, 6 Cleaning Modes Ideal for Pet Hair, Hard Floors ",https://www.amazon.com/Lefant-Suction-Runtime-Self-Charging-Cleaning/dp/B0CRNSH6TB,https://m.media-amazon.com/images/I/61p+JY6Q91L._AC_UY218_.jpg,4.1,1060,98.1,USD,$,False,50+
"Lefant M210 Pro Robot Vacuum Cleaner, 2200Pa Powerful Suction, 120 Mins Runtime, Automatic Self-Charging, Wi-Fi/App/Alexa Control, Ideal for Pet Hair, Hard Floor and Low-Pile Carpet ",https://www.amazon.com/Lefant-Powerful-Automatic-Self-Charging-Low-Pile/dp/B0CQT91DDS,https://m.media-amazon.com/images/I/61dygYT2G1L._AC_UY218_.jpg,4.0,1616,209.99,USD,$,False,100+
"iRobot Roomba Combo i5+ Self-Emptying Robot Vacuum and Mop, Clean by Room with Smart Mapping, Empties Itself for Up to 60 Days, Works with Alexa, Personalized Cleaning OS ",https://www.amazon.com/iRobot-Self-Emptying-Mapping-Personalized-Cleaning/dp/B0C4N37V2Z,https://m.media-amazon.com/images/I/813GaWpuEQL._AC_UY218_.jpg,4.0,19190,499.0,USD,$,False,2K+
"Tikom Robot Vacuum and Mop, G8000 Robot Vacuum Cleaner, 2700Pa Strong Suction, Self-Charging, Good for Hard Floors, Black ",https://www.amazon.com/Tikom-G8000-Cleaner-Suction-Self-Charging/dp/B09KV5F5FK,https://m.media-amazon.com/images/I/714hksaF5dL._AC_UY218_.jpg,4.1,5334,149.99,USD,$,False,500+
"Robot Vacuum and Mop Combo, Robot Vacuum Cleaner, 6 Cleaning Modes, Large Capacity Water Tank Dustbin, Self-Charging, WiFi/App/Alexa, Ideal for Hard Floor, Carpet, Pet Hair ",https://www.amazon.com/betboyles-Cleaner-Cleaning-Capacity-Self-Charging/dp/B0D8XXJDBB,https://m.media-amazon.com/images/I/81NAhqpYO9L._AC_UY218_.jpg,4.6,5,169.99,USD,$,False,300+
"OKP K3 Robot Vacuum Cleaner Self-Charging Robotic Vacuum Cleaner with 2000Pa Strong Suction Voice Control for Hardfloor and Carpet,Blue ",https://www.amazon.com/OKP-Cleaner-WiFi-Connected-Self-Charging-Hardfloor/dp/B0915YCWD3,https://m.media-amazon.com/images/I/81L27fi5fYL._AC_UY218_.jpg,3.9,3238,89.98,USD,$,False,300+
"Robot Vacuum Cleaner Robot Vacuum and Mop Combo with 4000Pa Suction, Personalized Cleaning Adjustments, Self-Charging Robotic Vacuum Cleaner, Advanced Obstacle Avoidance ",https://www.amazon.com/ROPVACNIC-Personalized-Adjustments-Self-Charging-Avoidance/dp/B0CWLLBR54,https://m.media-amazon.com/images/I/611nS4G21fL._AC_UY218_.jpg,4.3,158,149.99,USD,$,False,1K+
"Shark EZ Robot Vacuum RV912S with Self-Empty Base, Bagless, WiFi - Dark Gray (Renewed) ",https://www.amazon.com/Shark-Vacuum-RV912S-Self-Empty-Bagless/dp/B0BMNDSXX3,https://m.media-amazon.com/images/I/71Q3n6DjMwL._AC_UY218_.jpg,4.1,453,199.99,USD,$,False,50+
"Shark RV2300 Matrix Robot Vacuum with No Spots Missed on Carpets & Hard Floors, Precision Home Mapping, Perfect for Pet Hair, Wi-Fi, Gray (Renewed) ",https://www.amazon.com/Shark-Carpets-Precision-Mapping-Perfect/dp/B0CQTT4SP1,https://m.media-amazon.com/images/I/41lCewVX5pL._AC_UY218_.jpg,4.0,5,89.95,USD,$,False,Sold
"AIRROBO Robot Vacuum and Mop, 3000Pa Strong Suction Power Vacuum Mop Robot, Wi-Fi/App/Alexa, Self-Charging Robotic Vacuum for Hard Floor, Pet Hair and Low-Piled Carpet, Slim Design, Quiet，P30 ",https://www.amazon.com/AIRROBO-Suction-Self-Charging-Low-Piled-Quiet%EF%BC%8CP30/dp/B0CWRFC34K,https://m.media-amazon.com/images/I/61TBO7xGUiL._AC_UY218_.jpg,3.8,375,109.98,USD,$,False,1K+
"roborock Q8 Max Robot Vacuum and Mop Cleaner, DuoRoller Brush, 5500Pa Strong Suction, Lidar Navigation, Obstacle Avoidance, Multi-Level Mapping, Perfect for Pet Hair ",https://www.amazon.com/roborock-Q8-Max-Navigation-Multi-Level/dp/B0C7VBXHS8,https://m.media-amazon.com/images/I/61+6UQAWAQL._AC_UY218_.jpg,4.4,3653,399.99,USD,$,False,500+
"ILIFE V5s Plus Robot Vacuum and Mop Combo, Works with 2.4G WiFi, Alexa/App/Remote Control, Automatic Self-Charging Robotic Vacuum Cleaner, for Pet Hair, Hard Floor, Low Carpet (V5s Pro Upgraded) ",https://www.amazon.com/ILIFE-Automatic-Self-Charging-Robotic-Schedule/dp/B0BG6YVCK9,https://m.media-amazon.com/images/I/71qn3Ub5aOL._AC_UY218_.jpg,4.1,13427,159.99,USD,$,False,400+
"Robot Vacuum and Mop Combo, 4200Pa Powerful Robotic Vacuum Cleaner with Self-Charging, Home Automatic Robot Aspiradora for Hardwood Floor, Low Carpet, Pet Hair, App&Voice&Remote Control ",https://www.amazon.com/Tipdiy-Powerful-Self-Charging-Automatic-Aspiradora/dp/B0D31NCH8H,https://m.media-amazon.com/images/I/71JXnryw-jL._AC_UY218_.jpg,4.1,249,119.99,USD,$,False,1K+
"Shark RV2502AE/RV2520A AI Ultra Robot Vacuum with XL HEPA Self-Empty Base, Bagless, 60-Day Capacity, LIDAR Navigation, Smart Home Mapping, UltraClean, Perfect for Pet Hair, Black (Renewed) ",https://www.amazon.com/Shark-Self-Empty-Navigation-UltraClean-Compatible/dp/B09WZQ5M61,https://m.media-amazon.com/images/I/61pWCPgcANL._AC_UY218_.jpg,3.9,90,260.28,USD,$,False,50+
"roborock Q7 Max+ Robot Vacuum Cleaner, Hands-Free Cleaning for up to 7 Weeks, Robotic Vacuum with APP-Controlled Mopping, 4200Pa Suction, No-Mop&No-Go Zones, 180mins Runtime ",https://www.amazon.com/roborock-Q7-Max-Navigation-Multi-Level/dp/B09NNF5RHN,https://m.media-amazon.com/images/I/612T4EUTBlL._AC_UY218_.jpg,4.2,5108,549.99,USD,$,False,1K+
"Robot Vacuum Cleaner Robot Vacuum and Mop Combo with 4000Pa Suction, Personalized Cleaning Adjustments, Self-Charging Robotic Vacuum Cleaner, Advanced Obstacle Avoidance ",https://www.amazon.com/ROPVACNIC-Personalized-Adjustments-Self-Charging-Avoidance/dp/B0D223G4QZ,https://m.media-amazon.com/images/I/611nS4G21fL._AC_UY218_.jpg,3.5,405,,,,False,
"Tikom Robot Vacuum and Mop, L8000 Laser LiDAR Navigation Robotic Vacuum, 3000Pa Suction, 150Mins Max, 45dB, 14 No-Go Zones, 20 Virtual Walls, Self-Charging, Good for Pet Hair, Carpet, Hard Floor ",https://www.amazon.com/Tikom-L8000-Navigation-Robotic-Self-Charging/dp/B0CSFM1JJG,https://m.media-amazon.com/images/I/71XUqVWLs4L._AC_UY218_.jpg,4.5,852,189.99,USD,$,False,400+
"3-in-1 Robot Vacuum and Mop Combo, Self Emptying Station for 60 Days, Robotic Vacuum Cleaner with LiDAR Navigation & Max Strong 4500Pa Suction, WiFi/App/Alexa Self-Charging Replaceable Dust Bag ",https://www.amazon.com/Loorow-Emptying-Navigation-Self-Charging-Replaceable/dp/B0CLNK8MH4,https://m.media-amazon.com/images/I/71dBsTv7kKL._AC_UY218_.jpg,4.3,580,329.99,USD,$,False,300+
"Tikom Robot Vacuum and Mop Combo with LiDAR Navigation, L9000 Robotic Vacuum Cleaner with 4000Pa Suction,150Min Max, 14 No-Go Zones, Smart Mapping, Good for Pet Hair, Carpet, Hard Floor ",https://www.amazon.com/Tikom-Navigation-L9000-Robotic-Cleaner/dp/B0D1BY5VTM,https://m.media-amazon.com/images/I/71WbNY3VzGL._AC_UY218_.jpg,4.4,812,169.99,USD,$,False,300+
"AIRROBO Robot Vacuum Cleaner - Robotic Vacuums with 2800Pa Suction Power, Ideal for Pet Hair, Hard Floors, and Low Carpets - Self-Charging, App Control - 120 Minutes Runtime. ",https://www.amazon.com/AIRROBO-Robot-Vacuum-Cleaner-Self-Charging/dp/B0D2HWMYXQ,https://m.media-amazon.com/images/I/71a97HUEpUL._AC_UY218_.jpg,4.2,111,149.99,USD,$,False,500+
"iRobot Roomba j9+ Self-Emptying Robot Vacuum – More Powerful Suction, Identifies and Avoids Obstacles Like pet Waste, Empties Itself for 60 Days, Best for Homes with Pets, Smart Mapping, Alexa​ ",https://www.amazon.com/iRobot-Roomba-Self-Emptying-Robot-Vacuum/dp/B0C415NHBM,https://m.media-amazon.com/images/I/81HdMXcIYTL._AC_UY218_.jpg,3.9,515,848.94,USD,$,False,800+
"dreame L20 Ultra Robot Vacuum and Mop with Mop-Extend, Auto Mop Removal & Raising, Washing and Drying, 7000Pa Suction, Self-Emptying, Self-Refilling, AI Obstacle Avoidance ",https://www.amazon.com/dreame-Mop-Extend-Self-Emptying-Self-Refilling-Avoidance/dp/B0CC236CLT,https://m.media-amazon.com/images/I/71iNk4UTPDL._AC_UY218_.jpg,4.1,332,1299.99,USD,$,False,100+
"AIRROBO Robot Vacuum and Mop Combo, Self-Emptying, 60-Day Capacity, Home Mapping, Schedule, Wi-Fi/App/Alexa/Remote, 180mins Runtime, T20+ Robotic Vacuum Cleaner for Pet, Hard Floors, Carpet ",https://www.amazon.com/AIRROBO-Self-Emptying-Capacity-Schedule-T20/dp/B0CQC24STL,https://m.media-amazon.com/images/I/71sI8w5GuDL._AC_UY218_.jpg,4.3,325,299.99,USD,$,False,800+
"Shark UR2500SR AI Ultra Robot Vacuum with Self-Empty Base, Bagless, 30-Day Capacity, LIDAR Navigation, Compatible with Alexa, WiFi Connected, Black ",https://www.amazon.com/Shark-Ultra-Robot-Vacuum-Self-Empty/dp/B0BPC54599,https://m.media-amazon.com/images/I/71KiButYQWL._AC_UY218_.jpg,4.0,39,399.99,USD,$,False,100+
"Lefant M310 Robot Vacuum Cleaner-4500Pa Powerful Suction, PreciSense Obstacle Avoidance, Slim, Quite, 160 Mins Self-Charging Robotic Vacuums, App/Voice/Remote, Ideal for Pet Hair Hard Floors, Gray ",https://www.amazon.com/Lefant-M310-Cleaner-4500Pa-PreciSense-Self-Charging/dp/B0CS8X8K85,https://m.media-amazon.com/images/I/81ESYVXtKuL._AC_UY218_.jpg,4.2,1363,129.99,USD,$,False,400+
"Robot Vacuum and Mop Combo, 2 in 1 Mopping Robot Vacuum Cleaner with Schedule, Wi-Fi/App, 1400Pa Max Suction, Self-Charging Robotic Vacuum, Slim, Ideal for Hard Floor, Pet Hair, Low-Pile Carpet ",https://www.amazon.com/Robot-Vacuum-Mop-Combo-Self-Charging/dp/B0CB3ZPD4K,https://m.media-amazon.com/images/I/61QAM6nh1jL._AC_UY218_.jpg,3.6,652,121.97,USD,$,False,50+
eufy BoostIQ RoboVac 11S MAX ,https://www.amazon.com/eufy-BoostIQ-Powerful-Self-Charging-Medium-Pile/dp/B081J646XW,https://m.media-amazon.com/images/I/71W7z7lPYuL._AC_UY218_.jpg,4.3,724,129.99,USD,$,False,100+
"Shark AV911S EZ Robot Vacuum with Self-Empty Base, Bagless, Row-by-Row Cleaning, Perfect for Pet Hair, Compatible with Alexa, Wi-Fi, Gray, 30 Day Capacity ",https://www.amazon.com/Shark-AV911S-Self-Empty-Cleaning-Compatible/dp/B08WJMN2YG,https://m.media-amazon.com/images/I/71knjo3Uz4L._AC_UY218_.jpg,4.3,3915,439.0,USD,$,False,
